INSERT INTO Departments (DepartmentName)
VALUES ('HR');

INSERT INTO Departments (DepartmentName)
VALUES ('Finance');

INSERT INTO Departments (DepartmentName)
VALUES ('IT');

INSERT INTO Departments (DepartmentName)
VALUES ('Marketing');

INSERT INTO Departments (DepartmentName)
VALUES ('Operations');

INSERT INTO Departments (DepartmentName)
VALUES ('Sales');

INSERT INTO Departments (DepartmentName)
VALUES ('Legal');

INSERT INTO Departments (DepartmentName)
VALUES ('Research and Development');

INSERT INTO Departments (DepartmentName)
VALUES ('Customer Support');

INSERT INTO Departments (DepartmentName)
VALUES ('Quality Assurance');

INSERT INTO Employees (FirstName, LastName, DateOfBirth, Gender, Email, Phone, Address, HireDate, DepartmentID)
VALUES ('John', 'Doe', '1990-01-15', 'Male', 'john.doe@example.com', '555-555-5555', '123 Main St, City, State', '2020-05-15', 1);

INSERT INTO Employees (FirstName, LastName, DateOfBirth, Gender, Email, Phone, Address, HireDate, DepartmentID)
VALUES ('Jane', 'Smith', '1985-03-20', 'Female', 'jane.smith@example.com', '555-555-5556', '456 Elm St, City, State', '2019-07-10', 1);

INSERT INTO Employees (FirstName, LastName, DateOfBirth, Gender, Email, Phone, Address, HireDate, DepartmentID)
VALUES ('Robert', 'Johnson', '1993-11-10', 'Male', 'robert.johnson@example.com', '555-555-5557', '789 Oak St, City, State', '2021-02-28', 2);

INSERT INTO Employees (FirstName, LastName, DateOfBirth, Gender, Email, Phone, Address, HireDate, DepartmentID)
VALUES ('Emily', 'Brown', '1988-08-05', 'Female', 'emily.brown@example.com', '555-555-5558', '101 Pine St, City, State', '2018-03-14', 2);

INSERT INTO Employees (FirstName, LastName, DateOfBirth, Gender, Email, Phone, Address, HireDate, DepartmentID)
VALUES ('Michael', 'Wilson', '1992-06-25', 'Male', 'michael.wilson@example.com', '555-555-5559', '202 Cedar St, City, State', '2022-04-20', 3);

INSERT INTO Employees (FirstName, LastName, DateOfBirth, Gender, Email, Phone, Address, HireDate, DepartmentID)
VALUES ('Sarah', 'Davis', '1987-04-12', 'Female', 'sarah.davis@example.com', '555-555-5560', '303 Maple St, City, State', '2021-09-03', 3);

INSERT INTO Employees (FirstName, LastName, DateOfBirth, Gender, Email, Phone, Address, HireDate, DepartmentID)
VALUES ('William', 'Miller', '1994-09-30', 'Male', 'william.miller@example.com', '555-555-5561', '404 Birch St, City, State', '2017-12-01', 4);

INSERT INTO Employees (FirstName, LastName, DateOfBirth, Gender, Email, Phone, Address, HireDate, DepartmentID)
VALUES ('Olivia', 'Martinez', '1991-02-18', 'Female', 'olivia.martinez@example.com', '555-555-5562', '505 Redwood St, City, State', '2019-05-27', 4);

INSERT INTO Employees (FirstName, LastName, DateOfBirth, Gender, Email, Phone, Address, HireDate, DepartmentID)
VALUES ('David', 'Anderson', '1995-07-22', 'Male', 'david.anderson@example.com', '555-555-5563', '606 Pine St, City, State', '2020-08-10', 5);

INSERT INTO Employees (FirstName, LastName, DateOfBirth, Gender, Email, Phone, Address, HireDate, DepartmentID)
VALUES ('Sophia', 'Garcia', '1986-12-07', 'Female', 'sophia.garcia@example.com', '555-555-5564', '707 Oak St, City, State', '2022-01-05', 5);

INSERT INTO JobPositions (PositionTitle, JobDescription)
VALUES ('HR Manager', 'Responsible for managing HR department and staff.');

INSERT INTO JobPositions (PositionTitle, JobDescription)
VALUES ('Financial Analyst', 'Analyze financial data and prepare reports.');

INSERT INTO JobPositions (PositionTitle, JobDescription)
VALUES ('Software Engineer', 'Develop and maintain software applications.');

INSERT INTO JobPositions (PositionTitle, JobDescription)
VALUES ('Marketing Coordinator', 'Assist in marketing campaign planning and execution.');

INSERT INTO JobPositions (PositionTitle, JobDescription)
VALUES ('Operations Supervisor', 'Oversee day-to-day operations of the department.');

INSERT INTO JobPositions (PositionTitle, JobDescription)
VALUES ('Sales Representative', 'Sell products and services to customers.');

INSERT INTO JobPositions (PositionTitle, JobDescription)
VALUES ('Legal Counsel', 'Provide legal advice and support to the company.');

INSERT INTO JobPositions (PositionTitle, JobDescription)
VALUES ('Software Developer', 'Design and implement software solutions.');

INSERT INTO JobPositions (PositionTitle, JobDescription)
VALUES ('Customer Support Specialist', 'Assist customers with inquiries and issues.');

INSERT INTO JobPositions (PositionTitle, JobDescription)
VALUES ('Quality Assurance Analyst', 'Test and ensure the quality of software products.');

INSERT INTO JobPositions (PositionTitle, JobDescription)
VALUES ('HR Assistant', 'Support HR operations and administrative tasks.');

INSERT INTO JobPositions (PositionTitle, JobDescription)
VALUES ('Financial Controller', 'Oversee financial operations and reporting.');

INSERT INTO JobPositions (PositionTitle, JobDescription)
VALUES ('Senior Software Engineer', 'Lead software development projects.');

INSERT INTO JobPositions (PositionTitle, JobDescription)
VALUES ('Content Marketing Manager', 'Develop and execute content marketing strategies.');

INSERT INTO JobPositions (PositionTitle, JobDescription)
VALUES ('Operations Manager', 'Manage day-to-day operations and processes.');

INSERT INTO JobPositions (PositionTitle, JobDescription)
VALUES ('Regional Sales Manager', 'Oversee sales activities in a specific region.');

INSERT INTO JobPositions (PositionTitle, JobDescription)
VALUES ('Corporate Attorney', 'Provide legal counsel to the company.');

INSERT INTO JobPositions (PositionTitle, JobDescription)
VALUES ('Senior Data Scientist', 'Lead data analysis and modeling projects.');

INSERT INTO JobPositions (PositionTitle, JobDescription)
VALUES ('Customer Support Supervisor', 'Manage and mentor customer support team.');

INSERT INTO JobPositions (PositionTitle, JobDescription)
VALUES ('Quality Assurance Lead', 'Lead quality control and testing efforts.');

INSERT INTO JobPositions (PositionTitle, JobDescription)
VALUES ('HR Manager', 'Responsible for managing HR department and staff.');

INSERT INTO JobPositions (PositionTitle, JobDescription)
VALUES ('Financial Analyst', 'Analyze financial data and prepare reports.');

INSERT INTO JobPositions (PositionTitle, JobDescription)
VALUES ('Senior Software Engineer', 'Lead software development projects.');

INSERT INTO JobPositions (PositionTitle, JobDescription)
VALUES ('Marketing Coordinator', 'Assist in marketing campaign planning and execution.');

INSERT INTO JobPositions (PositionTitle, JobDescription)
VALUES ('Operations Supervisor', 'Oversee day-to-day operations of the department.');

INSERT INTO JobPositions (PositionTitle, JobDescription)
VALUES ('Sales Representative', 'Sell products and services to customers.');

INSERT INTO JobPositions (PositionTitle, JobDescription)
VALUES ('Legal Counsel', 'Provide legal advice and support to the company.');

INSERT INTO JobPositions (PositionTitle, JobDescription)
VALUES ('Software Developer', 'Design and implement software solutions.');

INSERT INTO JobPositions (PositionTitle, JobDescription)
VALUES ('Customer Support Specialist', 'Assist customers with inquiries and issues.');

INSERT INTO JobPositions (PositionTitle, JobDescription)
VALUES ('Quality Assurance Analyst', 'Test and ensure the quality of software products.');

INSERT INTO Salaries (EmployeeID, SalaryAmount, SalaryStartDate, SalaryEndDate)
VALUES (1, 60000.00, '2022-01-01', '2022-12-31');

INSERT INTO Salaries (EmployeeID, SalaryAmount, SalaryStartDate, SalaryEndDate)
VALUES (2, 55000.00, '2022-02-01', '2022-12-31');

INSERT INTO Salaries (EmployeeID, SalaryAmount, SalaryStartDate, SalaryEndDate)
VALUES (3, 65000.00, '2022-03-01', '2022-12-31');

INSERT INTO Salaries (EmployeeID, SalaryAmount, SalaryStartDate, SalaryEndDate)
VALUES (4, 58000.00, '2022-04-01', '2022-12-31');

INSERT INTO Salaries (EmployeeID, SalaryAmount, SalaryStartDate, SalaryEndDate)
VALUES (5, 70000.00, '2022-05-01', '2022-12-31');

INSERT INTO Salaries (EmployeeID, SalaryAmount, SalaryStartDate, SalaryEndDate)
VALUES (6, 62000.00, '2022-06-01', '2022-12-31');

INSERT INTO Salaries (EmployeeID, SalaryAmount, SalaryStartDate, SalaryEndDate)
VALUES (7, 72000.00, '2022-07-01', '2022-12-31');

INSERT INTO Salaries (EmployeeID, SalaryAmount, SalaryStartDate, SalaryEndDate)
VALUES (8, 59000.00, '2022-08-01', '2022-12-31');

INSERT INTO Salaries (EmployeeID, SalaryAmount, SalaryStartDate, SalaryEndDate)
VALUES (9, 63000.00, '2022-09-01', '2022-12-31');

INSERT INTO Salaries (EmployeeID, SalaryAmount, SalaryStartDate, SalaryEndDate)
VALUES (10, 68000.00, '2022-10-01', '2022-12-31');

INSERT INTO Salaries (EmployeeID, SalaryAmount, SalaryStartDate, SalaryEndDate)
VALUES (1, 62000.00, '2023-01-01', '2023-12-31');

INSERT INTO Salaries (EmployeeID, SalaryAmount, SalaryStartDate, SalaryEndDate)
VALUES (2, 57000.00, '2023-02-01', '2023-12-31');

INSERT INTO Salaries (EmployeeID, SalaryAmount, SalaryStartDate, SalaryEndDate)
VALUES (3, 65000.00, '2023-03-01', '2023-12-31');

INSERT INTO Salaries (EmployeeID, SalaryAmount, SalaryStartDate, SalaryEndDate)
VALUES (4, 59000.00, '2023-04-01', '2023-12-31');

INSERT INTO Salaries (EmployeeID, SalaryAmount, SalaryStartDate, SalaryEndDate)
VALUES (5, 70000.00, '2023-05-01', '2023-12-31');

INSERT INTO Salaries (EmployeeID, SalaryAmount, SalaryStartDate, SalaryEndDate)
VALUES (6, 63000.00, '2023-06-01', '2023-12-31');

INSERT INTO Salaries (EmployeeID, SalaryAmount, SalaryStartDate, SalaryEndDate)
VALUES (7, 72000.00, '2023-07-01', '2023-12-31');

INSERT INTO Salaries (EmployeeID, SalaryAmount, SalaryStartDate, SalaryEndDate)
VALUES (8, 59000.00, '2023-08-01', '2023-12-31');

INSERT INTO Salaries (EmployeeID, SalaryAmount, SalaryStartDate, SalaryEndDate)
VALUES (9, 65000.00, '2023-09-01', '2023-12-31');

INSERT INTO Salaries (EmployeeID, SalaryAmount, SalaryStartDate, SalaryEndDate)
VALUES (10, 68000.00, '2023-10-01', '2023-12-31');

INSERT INTO Skills (SkillName)
VALUES ('Communication');

INSERT INTO Skills (SkillName)
VALUES ('Problem Solving');

INSERT INTO Skills (SkillName)
VALUES ('Teamwork');

INSERT INTO Skills (SkillName)
VALUES ('Leadership');

INSERT INTO Skills (SkillName)
VALUES ('Time Management');

INSERT INTO Skills (SkillName)
VALUES ('Customer Service');

INSERT INTO Skills (SkillName)
VALUES ('Data Analysis');

INSERT INTO Skills (SkillName)
VALUES ('Programming');

INSERT INTO Skills (SkillName)
VALUES ('Project Management');

INSERT INTO Skills (SkillName)
VALUES ('Coaching');

INSERT INTO EmployeeSkills (EmployeeID, SkillID)
VALUES (1, 1); 

INSERT INTO EmployeeSkills (EmployeeID, SkillID)
VALUES (2, 1), 
       (2, 3); 

INSERT INTO EmployeeSkills (EmployeeID, SkillID)
VALUES (3, 4), 
       (3, 7); 

INSERT INTO EmployeeSkills (EmployeeID, SkillID)
VALUES (4, 6); 

INSERT INTO EmployeeSkills (EmployeeID, SkillID)
VALUES (5, 2), 
       (5, 9); 

INSERT INTO EmployeeSkills (EmployeeID, SkillID)
VALUES (6, 5); 

INSERT INTO EmployeeSkills (EmployeeID, SkillID)
VALUES (7, 3), 
       (7, 10);

INSERT INTO EmployeeSkills (EmployeeID, SkillID)
VALUES (8, 8); 

INSERT INTO EmployeeSkills (EmployeeID, SkillID)
VALUES (9, 2), 
       (9, 7); 

INSERT INTO EmployeeSkills (EmployeeID, SkillID)
VALUES (10, 4), 
        (10, 6);

INSERT INTO LeaveRequests (EmployeeID, LeaveStartDate, LeaveEndDate, LeaveType, Status)
VALUES (1, '2023-01-10', '2023-01-15', 'Vacation', 'Pending');

INSERT INTO LeaveRequests (EmployeeID, LeaveStartDate, LeaveEndDate, LeaveType, Status)
VALUES (2, '2023-02-05', '2023-02-09', 'Sick Leave', 'Approved');

INSERT INTO LeaveRequests (EmployeeID, LeaveStartDate, LeaveEndDate, LeaveType, Status)
VALUES (3, '2023-03-20', '2023-03-24', 'Vacation', 'Pending');

INSERT INTO LeaveRequests (EmployeeID, LeaveStartDate, LeaveEndDate, LeaveType, Status)
VALUES (4, '2023-04-15', '2023-04-18', 'Sick Leave', 'Approved');

INSERT INTO LeaveRequests (EmployeeID, LeaveStartDate, LeaveEndDate, LeaveType, Status)
VALUES (5, '2023-05-03', '2023-05-07', 'Vacation', 'Approved');

INSERT INTO LeaveRequests (EmployeeID, LeaveStartDate, LeaveEndDate, LeaveType, Status)
VALUES (6, '2023-06-10', '2023-06-12', 'Sick Leave', 'Pending');

INSERT INTO LeaveRequests (EmployeeID, LeaveStartDate, LeaveEndDate, LeaveType, Status)
VALUES (7, '2023-07-08', '2023-07-12', 'Vacation', 'Approved');

INSERT INTO LeaveRequests (EmployeeID, LeaveStartDate, LeaveEndDate, LeaveType, Status)
VALUES (8, '2023-08-22', '2023-08-26', 'Sick Leave', 'Pending');

INSERT INTO LeaveRequests (EmployeeID, LeaveStartDate, LeaveEndDate, LeaveType, Status)
VALUES (9, '2023-09-05', '2023-09-09', 'Vacation', 'Approved');

INSERT INTO LeaveRequests (EmployeeID, LeaveStartDate, LeaveEndDate, LeaveType, Status)
VALUES (10, '2023-10-12', '2023-10-15', 'Sick Leave', 'Pending');

INSERT INTO PerformanceReviews (EmployeeID, ReviewDate, ReviewerID, ReviewText, Rating)
VALUES (1, '2023-01-20', 2, 'Exemplary performance this year.', 5);

INSERT INTO PerformanceReviews (EmployeeID, ReviewDate, ReviewerID, ReviewText, Rating)
VALUES (2, '2023-02-15', 3, 'Consistently meets and exceeds expectations.', 4);

INSERT INTO PerformanceReviews (EmployeeID, ReviewDate, ReviewerID, ReviewText, Rating)
VALUES (3, '2023-03-10', 4, 'A strong leader within the team.', 5);

INSERT INTO PerformanceReviews (EmployeeID, ReviewDate, ReviewerID, ReviewText, Rating)
VALUES (4, '2023-04-05', 5, 'Exceptional customer service skills.', 4);

INSERT INTO PerformanceReviews (EmployeeID, ReviewDate, ReviewerID, ReviewText, Rating)
VALUES (5, '2023-05-01', 6, 'Successfully managed critical projects.', 4);

INSERT INTO PerformanceReviews (EmployeeID, ReviewDate, ReviewerID, ReviewText, Rating)
VALUES (6, '2023-06-20', 7, 'Strong time management skills.', 3);

INSERT INTO PerformanceReviews (EmployeeID, ReviewDate, ReviewerID, ReviewText, Rating)
VALUES (7, '2023-07-15', 8, 'Excellent teamwork and collaboration.', 5);

INSERT INTO PerformanceReviews (EmployeeID, ReviewDate, ReviewerID, ReviewText, Rating)
VALUES (8, '2023-08-10', 9, 'Outstanding programming skills.', 4);

INSERT INTO PerformanceReviews (EmployeeID, ReviewDate, ReviewerID, ReviewText, Rating)
VALUES (9, '2023-09-05', 10, 'Effective problem solver.', 4);

INSERT INTO PerformanceReviews (EmployeeID, ReviewDate, ReviewerID, ReviewText, Rating)
VALUES (10, '2023-10-01', 1, 'Exceptional leadership skills.', 5);

INSERT INTO PerformanceReviews (EmployeeID, ReviewDate, ReviewerID, ReviewText, Rating)
VALUES (1, '2023-02-20', 2, 'Good teamwork and communication skills.', 4);

INSERT INTO PerformanceReviews (EmployeeID, ReviewDate, ReviewerID, ReviewText, Rating)
VALUES (2, '2023-03-15', 3, 'Strong problem-solving abilities.', 5);

INSERT INTO PerformanceReviews (EmployeeID, ReviewDate, ReviewerID, ReviewText, Rating)
VALUES (3, '2023-04-10', 4, 'Exceptional leadership skills.', 5);

INSERT INTO PerformanceReviews (EmployeeID, ReviewDate, ReviewerID, ReviewText, Rating)
VALUES (4, '2023-05-05', 5, 'Diligent and reliable.', 4);

INSERT INTO PerformanceReviews (EmployeeID, ReviewDate, ReviewerID, ReviewText, Rating)
VALUES (5, '2023-06-01', 6, 'Outstanding problem-solving skills.', 5);

INSERT INTO PerformanceReviews (EmployeeID, ReviewDate, ReviewerID, ReviewText, Rating)
VALUES (6, '2023-07-20', 7, 'Great attention to detail.', 4);

INSERT INTO PerformanceReviews (EmployeeID, ReviewDate, ReviewerID, ReviewText, Rating)
VALUES (7, '2023-08-15', 8, 'Consistently meets targets.', 4);

INSERT INTO PerformanceReviews (EmployeeID, ReviewDate, ReviewerID, ReviewText, Rating)
VALUES (8, '2023-09-10', 9, 'Exemplary customer service skills.', 5);

INSERT INTO PerformanceReviews (EmployeeID, ReviewDate, ReviewerID, ReviewText, Rating)
VALUES (9, '2023-10-05', 10, 'Excellent communication abilities.', 5);

INSERT INTO PerformanceReviews (EmployeeID, ReviewDate, ReviewerID, ReviewText, Rating)
VALUES (10, '2023-11-01', 1, 'Strong team player.', 4);

INSERT INTO Benefits (BenefitName, Description, Cost)
VALUES ('Health Insurance', 'Comprehensive health insurance coverage', 500.00);

INSERT INTO Benefits (BenefitName, Description, Cost)
VALUES ('401(k) Matching', 'Company matches employee contributions', 300.00);

INSERT INTO Benefits (BenefitName, Description, Cost)
VALUES ('Paid Time Off (PTO)', 'Accrued paid time off for vacations and sick days', 200.00);

INSERT INTO Benefits (BenefitName, Description, Cost)
VALUES ('Dental Insurance', 'Coverage for dental care expenses', 100.00);

INSERT INTO Benefits (BenefitName, Description, Cost)
VALUES ('Flexible Spending Account (FSA)', 'Pre-tax account for medical and childcare expenses', 150.00);

INSERT INTO Benefits (BenefitName, Description, Cost)
VALUES ('Life Insurance', 'Life insurance coverage for employees', 50.00);

INSERT INTO Benefits (BenefitName, Description, Cost)
VALUES ('Employee Assistance Program (EAP)', 'Support services for employee well-being', 75.00);

INSERT INTO Benefits (BenefitName, Description, Cost)
VALUES ('Tuition Reimbursement', 'Financial support for continuing education', 250.00);

INSERT INTO Benefits (BenefitName, Description, Cost)
VALUES ('Gym Membership', 'Discounted gym membership for employees', 20.00);

INSERT INTO Benefits (BenefitName, Description, Cost)
VALUES ('Transportation Subsidy', 'Subsidy for public transportation or parking', 50.00);

INSERT INTO EmployeeBenefits (EmployeeID, BenefitID, EnrollmentDate)
VALUES (1, 1, '2023-01-01'); 

INSERT INTO EmployeeBenefits (EmployeeID, BenefitID, EnrollmentDate)
VALUES (2, 2, '2023-02-15'); 

INSERT INTO EmployeeBenefits (EmployeeID, BenefitID, EnrollmentDate)
VALUES (3, 3, '2023-03-10'); 

INSERT INTO EmployeeBenefits (EmployeeID, BenefitID, EnrollmentDate)
VALUES (4, 4, '2023-04-05'); 

INSERT INTO EmployeeBenefits (EmployeeID, BenefitID, EnrollmentDate)
VALUES (5, 5, '2023-05-01'); 

INSERT INTO EmployeeBenefits (EmployeeID, BenefitID, EnrollmentDate)
VALUES (6, 6, '2023-06-20'); 

INSERT INTO EmployeeBenefits (EmployeeID, BenefitID, EnrollmentDate)
VALUES (7, 7, '2023-07-15'); 

INSERT INTO EmployeeBenefits (EmployeeID, BenefitID, EnrollmentDate)
VALUES (8, 8, '2023-08-10'); 

INSERT INTO EmployeeBenefits (EmployeeID, BenefitID, EnrollmentDate)
VALUES (9, 9, '2023-09-05'); 

INSERT INTO EmployeeBenefits (EmployeeID, BenefitID, EnrollmentDate)
VALUES (10, 10, '2023-10-01'); 

INSERT INTO EmployeeBenefits (EmployeeID, BenefitID, EnrollmentDate)
VALUES (1, 5, '2023-01-15');

INSERT INTO EmployeeBenefits (EmployeeID, BenefitID, EnrollmentDate)
VALUES (2, 3, '2023-02-10');

INSERT INTO EmployeeBenefits (EmployeeID, BenefitID, EnrollmentDate)
VALUES (3, 4, '2023-03-05');
INSERT INTO EmployeeBenefits (EmployeeID, BenefitID, EnrollmentDate)
VALUES (3, 7, '2023-03-05');

INSERT INTO EmployeeBenefits (EmployeeID, BenefitID, EnrollmentDate)
VALUES (4, 8, '2023-04-01');
INSERT INTO EmployeeBenefits (EmployeeID, BenefitID, EnrollmentDate)
VALUES (4, 9, '2023-04-01');

INSERT INTO EmployeeBenefits (EmployeeID, BenefitID, EnrollmentDate)
VALUES (5, 1, '2023-05-10');
INSERT INTO EmployeeBenefits (EmployeeID, BenefitID, EnrollmentDate)
VALUES (5, 2, '2023-05-10');

INSERT INTO EmployeeBenefits (EmployeeID, BenefitID, EnrollmentDate)
VALUES (6, 4, '2023-06-15');

INSERT INTO EmployeeBenefits (EmployeeID, BenefitID, EnrollmentDate)
VALUES (7, 6, '2023-07-01');
INSERT INTO EmployeeBenefits (EmployeeID, BenefitID, EnrollmentDate)
VALUES (7, 8, '2023-07-01');

INSERT INTO EmployeeBenefits (EmployeeID, BenefitID, EnrollmentDate)
VALUES (8, 2, '2023-08-05');

INSERT INTO EmployeeBenefits (EmployeeID, BenefitID, EnrollmentDate)
VALUES (9, 3, '2023-09-20');

INSERT INTO EmployeeBenefits (EmployeeID, BenefitID, EnrollmentDate)
VALUES (10, 1, '2023-10-02');
INSERT INTO EmployeeBenefits (EmployeeID, BenefitID, EnrollmentDate)
VALUES (10, 4, '2023-10-02');
